,Image,Label
0,0001.jpg,0
1,0002.jpg,0
2,0003.jpg,0
3,0004.jpg,0
4,0005.jpg,0
5,0006.jpg,0
6,0007.jpg,0
7,0008.jpg,0
8,0009.jpg,0
9,0010.jpg,0
10,0011.jpg,0
11,0012.jpg,0
12,0013.jpg,0
13,0014.jpg,0
14,0015.jpg,0
15,0016.jpg,0
16,0017.jpg,0
17,0018.jpg,0
18,0019.jpg,0
19,0020.jpg,0
20,0021.jpg,0
21,0022.jpg,0
22,0023.jpg,0
23,0024.jpg,0
24,0025.jpg,0
25,0026.jpg,0
26,0027.jpg,0
27,0028.jpg,0
28,0029.jpg,0
29,0030.jpg,0
30,0031.jpg,0
31,0032.jpg,0
32,0033.jpg,0
33,0034.jpg,0
34,0035.jpg,0
35,0036.jpg,0
36,0037.jpg,0
37,0038.jpg,0
38,0039.jpg,0
39,0040.jpg,0
40,0041.jpg,0
41,0042.jpg,0
42,0043.jpg,0
43,0044.jpg,0
44,0045.jpg,0
45,0046.jpg,0
46,0047.jpg,0
47,0048.jpg,0
48,0049.jpg,0
49,0050.jpg,0
50,0051.jpg,0
51,0052.jpg,0
52,0053.jpg,0
53,0054.jpg,0
54,0055.jpg,0
55,0056.jpg,0
56,0057.jpg,0
57,0058.jpg,0
58,0059.jpg,0
59,0060.jpg,0
60,0061.jpg,0
61,0062.jpg,0
62,0063.jpg,0
63,0064.jpg,0
64,0065.jpg,0
65,0066.jpg,0
66,0067.jpg,0
67,0068.jpg,0
68,0069.jpg,0
69,0070.jpg,0
70,0071.jpg,0
71,0072.jpg,0
72,0073.jpg,0
73,0074.jpg,0
74,0075.jpg,0
75,0076.jpg,0
76,0077.jpg,0
77,0078.jpg,0
78,0079.jpg,0
79,0080.jpg,0
80,0081.jpg,0
81,0082.jpg,0
82,0083.jpg,0
83,0084.jpg,0
84,0085.jpg,0
85,0086.jpg,0
86,0087.jpg,0
87,0088.jpg,0
88,0089.jpg,0
89,0090.jpg,0
90,0091.jpg,0
91,0092.jpg,0
92,0093.jpg,0
93,0094.jpg,0
94,0095.jpg,0
95,0096.jpg,0
96,0097.jpg,0
97,0098.jpg,0
98,0099.jpg,0
99,0100.jpg,0
100,0101.jpg,0
101,0102.jpg,0
102,0103.jpg,0
103,0104.jpg,0
104,0105.jpg,0
105,0106.jpg,0
106,0107.jpg,0
107,0108.jpg,0
108,0109.jpg,0
109,0110.jpg,0
110,0111.jpg,0
111,0112.jpg,0
112,0113.jpg,0
113,0114.jpg,0
114,0115.jpg,0
115,0116.jpg,0
116,0117.jpg,0
117,0118.jpg,0
118,0119.jpg,0
119,0120.jpg,0
120,0121.jpg,0
121,0122.jpg,0
122,0123.jpg,0
123,0124.jpg,0
124,0125.jpg,0
125,0126.jpg,0
126,0127.jpg,0
127,0128.jpg,0
128,0129.jpg,0
129,0130.jpg,0
130,0131.jpg,0
131,0132.jpg,0
132,0133.jpg,0
133,0134.jpg,0
134,0135.jpg,0
135,0136.jpg,0
136,0137.jpg,0
137,0138.jpg,0
138,0139.jpg,0
139,0140.jpg,0
140,0141.jpg,0
141,0142.jpg,0
142,0143.jpg,0
143,0144.jpg,0
144,0145.jpg,0
145,0146.jpg,0
146,0147.jpg,0
147,0148.jpg,0
148,0149.jpg,0
149,0150.jpg,0
150,0151.jpg,0
151,0152.jpg,0
152,0153.jpg,0
153,0154.jpg,0
154,0155.jpg,0
155,0156.jpg,0
156,0157.jpg,0
157,0158.jpg,0
158,0159.jpg,0
159,0160.jpg,0
160,0161.jpg,0
161,0162.jpg,0
162,0163.jpg,0
163,0164.jpg,0
164,0165.jpg,0
165,0166.jpg,0
166,0167.jpg,0
167,0168.jpg,0
168,0169.jpg,0
169,0170.jpg,0
170,0171.jpg,0
171,0172.jpg,0
172,0173.jpg,0
173,0174.jpg,0
174,0175.jpg,0
175,0176.jpg,0
176,0177.jpg,0
177,0178.jpg,0
178,0179.jpg,0
179,0180.jpg,0
180,0181.jpg,0
181,0182.jpg,0
182,0183.jpg,0
183,0184.jpg,0
184,0185.jpg,0
185,0186.jpg,0
186,0187.jpg,0
187,0188.jpg,0
188,0189.jpg,0
189,0190.jpg,0
190,0191.jpg,0
191,0192.jpg,0
192,0193.jpg,0
193,0194.jpg,0
194,0195.jpg,0
195,0196.jpg,0
196,0197.jpg,0
197,0198.jpg,0
198,0199.jpg,0
199,0200.jpg,0
200,0201.jpg,0
201,0202.jpg,0
202,0203.jpg,0
203,0204.jpg,0
204,0205.jpg,0
205,0206.jpg,0
206,0207.jpg,0
207,0208.jpg,0
208,0209.jpg,0
209,0210.jpg,0
210,0211.jpg,0
211,0212.jpg,0
212,0213.jpg,0
213,0214.jpg,0
214,0215.jpg,0
215,0216.jpg,0
216,0217.jpg,0
217,0218.jpg,0
218,0219.jpg,0
219,0220.jpg,0
220,0221.jpg,0
221,0222.jpg,0
222,0223.jpg,0
223,0224.jpg,0
224,0225.jpg,0
225,0226.jpg,0
226,0227.jpg,0
227,0228.jpg,0
228,0229.jpg,0
229,0230.jpg,0
230,0231.jpg,0
231,0232.jpg,0
232,0233.jpg,0
233,0234.jpg,0
234,0235.jpg,0
235,0236.jpg,0
236,0237.jpg,0
237,0238.jpg,0
238,0239.jpg,0
239,0240.jpg,0
240,0241.jpg,0
241,0242.jpg,0
242,0243.jpg,0
243,0244.jpg,0
244,0245.jpg,0
245,0246.jpg,0
246,0247.jpg,0
247,0248.jpg,0
248,0249.jpg,0
249,0250.jpg,0
250,0251.jpg,0
251,0252.jpg,0
252,0253.jpg,0
253,0254.jpg,0
254,0255.jpg,0
255,0256.jpg,0
256,0257.jpg,0
257,0258.jpg,0
258,0259.jpg,0
259,0260.jpg,0
260,0261.jpg,0
261,0262.jpg,0
262,0263.jpg,0
263,0264.jpg,0
264,0265.jpg,0
265,0266.jpg,0
266,0267.jpg,0
267,0268.jpg,0
268,0269.jpg,0
269,0270.jpg,0
270,0271.jpg,0
271,0272.jpg,0
272,0273.jpg,0
273,0274.jpg,0
274,0275.jpg,0
275,0276.jpg,0
276,0277.jpg,0
277,0278.jpg,0
278,0279.jpg,0
279,0280.jpg,0
280,0281.jpg,0
281,0282.jpg,0
282,0283.jpg,0
283,0284.jpg,0
284,0285.jpg,0
285,0286.jpg,0
286,0287.jpg,0
287,0288.jpg,0
288,0289.jpg,0
289,0290.jpg,0
290,0291.jpg,0
291,0292.jpg,0
292,0293.jpg,0
293,0294.jpg,0
294,0295.jpg,0
295,0296.jpg,0
296,0297.jpg,0
297,0298.jpg,0
298,0299.jpg,0
299,0300.jpg,0
300,0301.jpg,0
301,0302.jpg,0
302,0303.jpg,0
303,0304.jpg,0
304,0305.jpg,0
305,0306.jpg,0
306,0307.jpg,0
307,0308.jpg,0
308,0309.jpg,0
309,0310.jpg,0
310,0311.jpg,0
311,0312.jpg,0
312,0313.jpg,0
313,0314.jpg,0
314,0315.jpg,0
315,0316.jpg,0
316,0317.jpg,0
317,0318.jpg,0
318,0319.jpg,0
319,0320.jpg,0
320,0321.jpg,0
321,0322.jpg,0
322,0323.jpg,0
323,0324.jpg,0
324,0325.jpg,0
325,0326.jpg,0
326,0327.jpg,0
327,0328.jpg,0
328,0329.jpg,0
329,0330.jpg,0
330,0331.jpg,0
331,0332.jpg,0
332,0333.jpg,0
333,0334.jpg,0
334,0335.jpg,0
335,0336.jpg,0
336,0337.jpg,0
337,0338.jpg,0
338,0339.jpg,0
339,0340.jpg,0
340,0341.jpg,0
341,0342.jpg,0
342,0343.jpg,0
343,0344.jpg,0
344,0345.jpg,0
345,0346.jpg,0
346,0347.jpg,0
347,0348.jpg,0
348,0349.jpg,0
349,0350.jpg,0
350,0351.jpg,0
351,0352.jpg,0
352,0353.jpg,0
353,0354.jpg,0
354,0355.jpg,0
355,0356.jpg,0
356,0357.jpg,0
357,0358.jpg,0
358,0359.jpg,0
359,0360.jpg,0
360,0361.jpg,0
361,0362.jpg,0
362,0363.jpg,0
363,0364.jpg,0
364,0365.jpg,0
365,0366.jpg,0
366,0367.jpg,0
367,0368.jpg,0
368,0369.jpg,0
369,0370.jpg,0
370,0371.jpg,0
371,0372.jpg,0
372,0373.jpg,0
373,0374.jpg,0
374,0375.jpg,0
375,0376.jpg,0
376,0377.jpg,0
377,0378.jpg,0
378,0379.jpg,0
379,0380.jpg,0
380,0381.jpg,0
381,0382.jpg,0
382,0383.jpg,0
383,0384.jpg,0
384,0385.jpg,0
385,0386.jpg,0
386,0387.jpg,0
387,0388.jpg,0
388,0389.jpg,0
389,0390.jpg,0
390,0391.jpg,0
391,0392.jpg,0
392,0393.jpg,0
393,0394.jpg,0
394,0395.jpg,0
395,0396.jpg,0
396,0397.jpg,0
397,0398.jpg,0
398,0399.jpg,0
399,0400.jpg,0
400,0401.jpg,0
401,0402.jpg,0
402,0403.jpg,0
403,0404.jpg,0
404,0405.jpg,0
405,0406.jpg,0
406,0407.jpg,0
407,0408.jpg,0
408,0409.jpg,0
409,0410.jpg,0
410,0411.jpg,0
411,0412.jpg,0
412,0413.jpg,0
413,0414.jpg,0
414,0415.jpg,0
415,0416.jpg,0
416,0417.jpg,0
417,0418.jpg,0
418,0419.jpg,0
419,0420.jpg,0
420,0421.jpg,0
421,0422.jpg,0
422,0423.jpg,0
423,0424.jpg,0
424,0425.jpg,0
425,0426.jpg,0
426,0427.jpg,0
427,0428.jpg,0
428,0429.jpg,0
429,0430.jpg,0
430,0431.jpg,0
431,0432.jpg,0
432,0433.jpg,0
433,0434.jpg,0
434,0435.jpg,0
435,0436.jpg,0
436,0437.jpg,0
437,0438.jpg,0
438,0439.jpg,0
439,0440.jpg,0
440,0441.jpg,0
441,0442.jpg,0
442,0443.jpg,0
443,0444.jpg,0
444,0445.jpg,0
445,0446.jpg,0
446,0447.jpg,0
447,0448.jpg,0
448,0449.jpg,0
449,0450.jpg,0
450,0451.jpg,0
451,0452.jpg,0
452,0453.jpg,0
453,0454.jpg,0
454,0455.jpg,0
455,0456.jpg,0
456,0457.jpg,0
457,0458.jpg,0
458,0459.jpg,0
459,0460.jpg,0
460,0461.jpg,0
461,0462.jpg,0
462,0463.jpg,0
463,0464.jpg,0
464,0465.jpg,0
465,0466.jpg,0
466,0467.jpg,0
467,0468.jpg,0
468,0469.jpg,0
469,0470.jpg,0
470,0471.jpg,0
471,0472.jpg,0
472,0473.jpg,0
473,0474.jpg,0
474,0475.jpg,0
475,0476.jpg,0
476,0477.jpg,0
477,0478.jpg,0
478,0479.jpg,0
479,0480.jpg,0
480,0481.jpg,0
481,0482.jpg,0
482,0483.jpg,0
483,0484.jpg,0
484,0485.jpg,0
485,0486.jpg,0
486,0487.jpg,0
487,0488.jpg,0
488,0489.jpg,0
489,0490.jpg,0
490,0491.jpg,0
491,0492.jpg,0
492,0493.jpg,0
493,0494.jpg,0
494,0495.jpg,0
495,0496.jpg,0
496,0497.jpg,0
497,0498.jpg,0
498,0499.jpg,0
499,0500.jpg,0
500,0501.jpg,1
501,0502.jpg,1
502,0503.jpg,1
503,0504.jpg,1
504,0505.jpg,1
505,0506.jpg,1
506,0507.jpg,1
507,0508.jpg,1
508,0509.jpg,1
509,0510.jpg,1
510,0511.jpg,1
511,0512.jpg,1
512,0513.jpg,1
513,0514.jpg,1
514,0515.jpg,1
515,0516.jpg,1
516,0517.jpg,1
517,0518.jpg,1
518,0519.jpg,1
519,0520.jpg,1
520,0521.jpg,1
521,0522.jpg,1
522,0523.jpg,1
523,0524.jpg,1
524,0525.jpg,1
525,0526.jpg,1
526,0527.jpg,1
527,0528.jpg,1
528,0529.jpg,1
529,0530.jpg,1
530,0531.jpg,1
531,0532.jpg,1
532,0533.jpg,1
533,0534.jpg,1
534,0535.jpg,1
535,0536.jpg,1
536,0537.jpg,1
537,0538.jpg,1
538,0539.jpg,1
539,0540.jpg,1
540,0541.jpg,1
541,0542.jpg,1
542,0543.jpg,1
543,0544.jpg,1
544,0545.jpg,1
545,0546.jpg,1
546,0547.jpg,1
547,0548.jpg,1
548,0549.jpg,1
549,0550.jpg,1
550,0551.jpg,1
551,0552.jpg,1
552,0553.jpg,1
553,0554.jpg,1
554,0555.jpg,1
555,0556.jpg,1
556,0557.jpg,1
557,0558.jpg,1
558,0559.jpg,1
559,0560.jpg,1
560,0561.jpg,1
561,0562.jpg,1
562,0563.jpg,1
563,0564.jpg,1
564,0565.jpg,1
565,0566.jpg,1
566,0567.jpg,1
567,0568.jpg,1
568,0569.jpg,1
569,0570.jpg,1
570,0571.jpg,1
571,0572.jpg,1
572,0573.jpg,1
573,0574.jpg,1
574,0575.jpg,1
575,0576.jpg,1
576,0577.jpg,1
577,0578.jpg,1
578,0579.jpg,1
579,0580.jpg,1
580,0581.jpg,1
581,0582.jpg,1
582,0583.jpg,1
583,0584.jpg,1
584,0585.jpg,1
585,0586.jpg,1
586,0587.jpg,1
587,0588.jpg,1
588,0589.jpg,1
589,0590.jpg,1
590,0591.jpg,1
591,0592.jpg,1
592,0593.jpg,1
593,0594.jpg,1
594,0595.jpg,1
595,0596.jpg,1
596,0597.jpg,1
597,0598.jpg,1
598,0599.jpg,1
599,0600.jpg,1
600,0601.jpg,1
601,0602.jpg,1
602,0603.jpg,1
603,0604.jpg,1
604,0605.jpg,1
605,0606.jpg,1
606,0607.jpg,1
607,0608.jpg,1
608,0609.jpg,1
609,0610.jpg,1
610,0611.jpg,1
611,0612.jpg,1
612,0613.jpg,1
613,0614.jpg,1
614,0615.jpg,1
615,0616.jpg,1
616,0617.jpg,1
617,0618.jpg,1
618,0619.jpg,1
619,0620.jpg,1
620,0621.jpg,1
621,0622.jpg,1
622,0623.jpg,1
623,0624.jpg,1
624,0625.jpg,1
625,0626.jpg,1
626,0627.jpg,1
627,0628.jpg,1
628,0629.jpg,1
629,0630.jpg,1
630,0631.jpg,1
631,0632.jpg,1
632,0633.jpg,1
633,0634.jpg,1
634,0635.jpg,1
635,0636.jpg,1
636,0637.jpg,1
637,0638.jpg,1
638,0639.jpg,1
639,0640.jpg,1
640,0641.jpg,1
641,0642.jpg,1
642,0643.jpg,1
643,0644.jpg,1
644,0645.jpg,1
645,0646.jpg,1
646,0647.jpg,1
647,0648.jpg,1
648,0649.jpg,1
649,0650.jpg,1
650,0651.jpg,1
651,0652.jpg,1
652,0653.jpg,1
653,0654.jpg,1
654,0655.jpg,1
655,0656.jpg,1
656,0657.jpg,1
657,0658.jpg,1
658,0659.jpg,1
659,0660.jpg,1
660,0661.jpg,1
661,0662.jpg,1
662,0663.jpg,1
663,0664.jpg,1
664,0665.jpg,1
665,0666.jpg,1
666,0667.jpg,1
667,0668.jpg,1
668,0669.jpg,1
669,0670.jpg,1
670,0671.jpg,1
671,0672.jpg,1
672,0673.jpg,1
673,0674.jpg,1
674,0675.jpg,1
675,0676.jpg,1
676,0677.jpg,1
677,0678.jpg,1
678,0679.jpg,1
679,0680.jpg,1
680,0681.jpg,1
681,0682.jpg,1
682,0683.jpg,1
683,0684.jpg,1
684,0685.jpg,1
685,0686.jpg,1
686,0687.jpg,1
687,0688.jpg,1
688,0689.jpg,1
689,0690.jpg,1
690,0691.jpg,1
691,0692.jpg,1
692,0693.jpg,1
693,0694.jpg,1
694,0695.jpg,1
695,0696.jpg,1
696,0697.jpg,1
697,0698.jpg,1
698,0699.jpg,1
699,0700.jpg,1
700,0701.jpg,1
701,0702.jpg,1
702,0703.jpg,1
703,0704.jpg,1
704,0705.jpg,1
705,0706.jpg,1
706,0707.jpg,1
707,0708.jpg,1
708,0709.jpg,1
709,0710.jpg,1
710,0711.jpg,1
711,0712.jpg,1
712,0713.jpg,1
713,0714.jpg,1
714,0715.jpg,1
715,0716.jpg,1
716,0717.jpg,1
717,0718.jpg,1
718,0719.jpg,1
719,0720.jpg,1
720,0721.jpg,1
721,0722.jpg,1
722,0723.jpg,1
723,0724.jpg,1
724,0725.jpg,1
725,0726.jpg,1
726,0727.jpg,1
727,0728.jpg,1
728,0729.jpg,1
729,0730.jpg,1
730,0731.jpg,1
731,0732.jpg,1
732,0733.jpg,1
733,0734.jpg,1
734,0735.jpg,1
735,0736.jpg,1
736,0737.jpg,1
737,0738.jpg,1
738,0739.jpg,1
739,0740.jpg,1
740,0741.jpg,1
741,0742.jpg,1
742,0743.jpg,1
743,0744.jpg,1
744,0745.jpg,1
745,0746.jpg,1
746,0747.jpg,1
747,0748.jpg,1
748,0749.jpg,1
749,0750.jpg,1
750,0751.jpg,1
751,0752.jpg,1
752,0753.jpg,1
753,0754.jpg,1
754,0755.jpg,1
755,0756.jpg,1
756,0757.jpg,1
757,0758.jpg,1
758,0759.jpg,1
759,0760.jpg,1
760,0761.jpg,1
761,0762.jpg,1
762,0763.jpg,1
763,0764.jpg,1
764,0765.jpg,1
765,0766.jpg,1
766,0767.jpg,1
767,0768.jpg,1
768,0769.jpg,1
769,0770.jpg,1
770,0771.jpg,1
771,0772.jpg,1
772,0773.jpg,1
773,0774.jpg,1
774,0775.jpg,1
775,0776.jpg,1
776,0777.jpg,1
777,0778.jpg,1
778,0779.jpg,1
779,0780.jpg,1
780,0781.jpg,1
781,0782.jpg,1
782,0783.jpg,1
783,0784.jpg,1
784,0785.jpg,1
785,0786.jpg,1
786,0787.jpg,1
787,0788.jpg,1
788,0789.jpg,1
789,0790.jpg,1
790,0791.jpg,1
791,0792.jpg,1
792,0793.jpg,1
793,0794.jpg,1
794,0795.jpg,1
795,0796.jpg,1
796,0797.jpg,1
797,0798.jpg,1
798,0799.jpg,1
799,0800.jpg,1
800,0801.jpg,1
801,0802.jpg,1
802,0803.jpg,1
803,0804.jpg,1
804,0805.jpg,1
805,0806.jpg,1
806,0807.jpg,1
807,0808.jpg,1
808,0809.jpg,1
809,0810.jpg,1
810,0811.jpg,1
811,0812.jpg,1
812,0813.jpg,1
813,0814.jpg,1
814,0815.jpg,1
815,0816.jpg,1
816,0817.jpg,1
817,0818.jpg,1
818,0819.jpg,1
819,0820.jpg,1
820,0821.jpg,1
821,0822.jpg,1
822,0823.jpg,1
823,0824.jpg,1
824,0825.jpg,1
825,0826.jpg,1
826,0827.jpg,1
827,0828.jpg,1
828,0829.jpg,1
829,0830.jpg,1
830,0831.jpg,1
831,0832.jpg,1
832,0833.jpg,1
833,0834.jpg,1
834,0835.jpg,1
835,0836.jpg,1
836,0837.jpg,1
837,0838.jpg,1
838,0839.jpg,1
839,0840.jpg,1
840,0841.jpg,1
841,0842.jpg,1
842,0843.jpg,1
843,0844.jpg,1
844,0845.jpg,1
845,0846.jpg,1
846,0847.jpg,1
847,0848.jpg,1
848,0849.jpg,1
849,0850.jpg,1
850,0851.jpg,1
851,0852.jpg,1
852,0853.jpg,1
853,0854.jpg,1
854,0855.jpg,1
855,0856.jpg,1
856,0857.jpg,1
857,0858.jpg,1
858,0859.jpg,1
859,0860.jpg,1
860,0861.jpg,1
861,0862.jpg,1
862,0863.jpg,1
863,0864.jpg,1
864,0865.jpg,1
865,0866.jpg,1
866,0867.jpg,1
867,0868.jpg,1
868,0869.jpg,1
869,0870.jpg,1
870,0871.jpg,1
871,0872.jpg,1
872,0873.jpg,1
873,0874.jpg,1
874,0875.jpg,1
875,0876.jpg,1
876,0877.jpg,1
877,0878.jpg,1
878,0879.jpg,1
879,0880.jpg,1
880,0881.jpg,1
881,0882.jpg,1
882,0883.jpg,1
883,0884.jpg,1
884,0885.jpg,1
885,0886.jpg,1
886,0887.jpg,1
887,0888.jpg,1
888,0889.jpg,1
889,0890.jpg,1
890,0891.jpg,1
891,0892.jpg,1
892,0893.jpg,1
893,0894.jpg,1
894,0895.jpg,1
895,0896.jpg,1
896,0897.jpg,1
897,0898.jpg,1
898,0899.jpg,1
899,0900.jpg,1
900,0901.jpg,1
901,0902.jpg,1
902,0903.jpg,1
903,0904.jpg,1
904,0905.jpg,1
905,0906.jpg,1
906,0907.jpg,1
907,0908.jpg,1
908,0909.jpg,1
909,0910.jpg,1
910,0911.jpg,1
911,0912.jpg,1
912,0913.jpg,1
913,0914.jpg,1
914,0915.jpg,1
915,0916.jpg,1
916,0917.jpg,1
917,0918.jpg,1
918,0919.jpg,1
919,0920.jpg,1
920,0921.jpg,1
921,0922.jpg,1
922,0923.jpg,1
923,0924.jpg,1
924,0925.jpg,1
925,0926.jpg,1
926,0927.jpg,1
927,0928.jpg,1
928,0929.jpg,1
929,0930.jpg,1
930,0931.jpg,1
931,0932.jpg,1
932,0933.jpg,1
933,0934.jpg,1
934,0935.jpg,1
935,0936.jpg,1
936,0937.jpg,1
937,0938.jpg,1
938,0939.jpg,1
939,0940.jpg,1
940,0941.jpg,1
941,0942.jpg,1
942,0943.jpg,1
943,0944.jpg,1
944,0945.jpg,1
945,0946.jpg,1
946,0947.jpg,1
947,0948.jpg,1
948,0949.jpg,1
949,0950.jpg,1
950,0951.jpg,1
951,0952.jpg,1
952,0953.jpg,1
953,0954.jpg,1
954,0955.jpg,1
955,0956.jpg,1
956,0957.jpg,1
957,0958.jpg,1
958,0959.jpg,1
959,0960.jpg,1
960,0961.jpg,1
961,0962.jpg,1
962,0963.jpg,1
963,0964.jpg,1
964,0965.jpg,1
965,0966.jpg,1
966,0967.jpg,1
967,0968.jpg,1
968,0969.jpg,1
969,0970.jpg,1
970,0971.jpg,1
971,0972.jpg,1
972,0973.jpg,1
973,0974.jpg,1
974,0975.jpg,1
975,0976.jpg,1
976,0977.jpg,1
977,0978.jpg,1
978,0979.jpg,1
979,0980.jpg,1
980,0981.jpg,1
981,0982.jpg,1
982,0983.jpg,1
983,0984.jpg,1
984,0985.jpg,1
985,0986.jpg,1
986,0987.jpg,1
987,0988.jpg,1
988,0989.jpg,1
989,0990.jpg,1
990,0991.jpg,1
991,0992.jpg,1
992,0993.jpg,1
993,0994.jpg,1
994,0995.jpg,1
995,0996.jpg,1
996,0997.jpg,1
997,0998.jpg,1
998,0999.jpg,1
999,1000.jpg,1
1000,1001.jpg,2
1001,1002.jpg,2
1002,1003.jpg,2
1003,1004.jpg,2
1004,1005.jpg,2
1005,1006.jpg,2
1006,1007.jpg,2
1007,1008.jpg,2
1008,1009.jpg,2
1009,1010.jpg,2
1010,1011.jpg,2
1011,1012.jpg,2
1012,1013.jpg,2
1013,1014.jpg,2
1014,1015.jpg,2
1015,1016.jpg,2
1016,1017.jpg,2
1017,1018.jpg,2
1018,1019.jpg,2
1019,1020.jpg,2
1020,1021.jpg,2
1021,1022.jpg,2
1022,1023.jpg,2
1023,1024.jpg,2
1024,1025.jpg,2
1025,1026.jpg,2
1026,1027.jpg,2
1027,1028.jpg,2
1028,1029.jpg,2
1029,1030.jpg,2
1030,1031.jpg,2
1031,1032.jpg,2
1032,1033.jpg,2
1033,1034.jpg,2
1034,1035.jpg,2
1035,1036.jpg,2
1036,1037.jpg,2
1037,1038.jpg,2
1038,1039.jpg,2
1039,1040.jpg,2
1040,1041.jpg,2
1041,1042.jpg,2
1042,1043.jpg,2
1043,1044.jpg,2
1044,1045.jpg,2
1045,1046.jpg,2
1046,1047.jpg,2
1047,1048.jpg,2
1048,1049.jpg,2
1049,1050.jpg,2
1050,1051.jpg,2
1051,1052.jpg,2
1052,1053.jpg,2
1053,1054.jpg,2
1054,1055.jpg,2
1055,1056.jpg,2
1056,1057.jpg,2
1057,1058.jpg,2
1058,1059.jpg,2
1059,1060.jpg,2
1060,1061.jpg,2
1061,1062.jpg,2
1062,1063.jpg,2
1063,1064.jpg,2
1064,1065.jpg,2
1065,1066.jpg,2
1066,1067.jpg,2
1067,1068.jpg,2
1068,1069.jpg,2
1069,1070.jpg,2
1070,1071.jpg,2
1071,1072.jpg,2
1072,1073.jpg,2
1073,1074.jpg,2
1074,1075.jpg,2
1075,1076.jpg,2
1076,1077.jpg,2
1077,1078.jpg,2
1078,1079.jpg,2
1079,1080.jpg,2
1080,1081.jpg,2
1081,1082.jpg,2
1082,1083.jpg,2
1083,1084.jpg,2
1084,1085.jpg,2
1085,1086.jpg,2
1086,1087.jpg,2
1087,1088.jpg,2
1088,1089.jpg,2
1089,1090.jpg,2
1090,1091.jpg,2
1091,1092.jpg,2
1092,1093.jpg,2
1093,1094.jpg,2
1094,1095.jpg,2
1095,1096.jpg,2
1096,1097.jpg,2
1097,1098.jpg,2
1098,1099.jpg,2
1099,1100.jpg,2
1100,1101.jpg,2
1101,1102.jpg,2
1102,1103.jpg,2
1103,1104.jpg,2
1104,1105.jpg,2
1105,1106.jpg,2
1106,1107.jpg,2
1107,1108.jpg,2
1108,1109.jpg,2
1109,1110.jpg,2
1110,1111.jpg,2
1111,1112.jpg,2
1112,1113.jpg,2
1113,1114.jpg,2
1114,1115.jpg,2
1115,1116.jpg,2
1116,1117.jpg,2
1117,1118.jpg,2
1118,1119.jpg,2
1119,1120.jpg,2
1120,1121.jpg,2
1121,1122.jpg,2
1122,1123.jpg,2
1123,1124.jpg,2
1124,1125.jpg,2
1125,1126.jpg,2
1126,1127.jpg,2
1127,1128.jpg,2
1128,1129.jpg,2
1129,1130.jpg,2
1130,1131.jpg,2
1131,1132.jpg,2
1132,1133.jpg,2
1133,1134.jpg,2
1134,1135.jpg,2
1135,1136.jpg,2
1136,1137.jpg,2
1137,1138.jpg,2
1138,1139.jpg,2
1139,1140.jpg,2
1140,1141.jpg,2
1141,1142.jpg,2
1142,1143.jpg,2
1143,1144.jpg,2
1144,1145.jpg,2
1145,1146.jpg,2
1146,1147.jpg,2
1147,1148.jpg,2
1148,1149.jpg,2
1149,1150.jpg,2
1150,1151.jpg,2
1151,1152.jpg,2
1152,1153.jpg,2
1153,1154.jpg,2
1154,1155.jpg,2
1155,1156.jpg,2
1156,1157.jpg,2
1157,1158.jpg,2
1158,1159.jpg,2
1159,1160.jpg,2
1160,1161.jpg,2
1161,1162.jpg,2
1162,1163.jpg,2
1163,1164.jpg,2
1164,1165.jpg,2
1165,1166.jpg,2
1166,1167.jpg,2
1167,1168.jpg,2
1168,1169.jpg,2
1169,1170.jpg,2
1170,1171.jpg,2
1171,1172.jpg,2
1172,1173.jpg,2
1173,1174.jpg,2
1174,1175.jpg,2
1175,1176.jpg,2
1176,1177.jpg,2
1177,1178.jpg,2
1178,1179.jpg,2
1179,1180.jpg,2
1180,1181.jpg,2
1181,1182.jpg,2
1182,1183.jpg,2
1183,1184.jpg,2
1184,1185.jpg,2
1185,1186.jpg,2
1186,1187.jpg,2
1187,1188.jpg,2
1188,1189.jpg,2
1189,1190.jpg,2
1190,1191.jpg,2
1191,1192.jpg,2
1192,1193.jpg,2
1193,1194.jpg,2
1194,1195.jpg,2
1195,1196.jpg,2
1196,1197.jpg,2
1197,1198.jpg,2
1198,1199.jpg,2
1199,1200.jpg,2
1200,1201.jpg,2
1201,1202.jpg,2
1202,1203.jpg,2
1203,1204.jpg,2
1204,1205.jpg,2
1205,1206.jpg,2
1206,1207.jpg,2
1207,1208.jpg,2
1208,1209.jpg,2
1209,1210.jpg,2
1210,1211.jpg,2
1211,1212.jpg,2
1212,1213.jpg,2
1213,1214.jpg,2
1214,1215.jpg,2
1215,1216.jpg,2
1216,1217.jpg,2
1217,1218.jpg,2
1218,1219.jpg,2
1219,1220.jpg,2
1220,1221.jpg,2
1221,1222.jpg,2
1222,1223.jpg,2
1223,1224.jpg,2
1224,1225.jpg,2
1225,1226.jpg,2
1226,1227.jpg,2
1227,1228.jpg,2
1228,1229.jpg,2
1229,1230.jpg,2
1230,1231.jpg,2
1231,1232.jpg,2
1232,1233.jpg,2
1233,1234.jpg,2
1234,1235.jpg,2
1235,1236.jpg,2
1236,1237.jpg,2
1237,1238.jpg,2
1238,1239.jpg,2
1239,1240.jpg,2
1240,1241.jpg,2
1241,1242.jpg,2
1242,1243.jpg,2
1243,1244.jpg,2
1244,1245.jpg,2
1245,1246.jpg,2
1246,1247.jpg,2
1247,1248.jpg,2
1248,1249.jpg,2
1249,1250.jpg,2
1250,1251.jpg,2
1251,1252.jpg,2
1252,1253.jpg,2
1253,1254.jpg,2
1254,1255.jpg,2
1255,1256.jpg,2
1256,1257.jpg,2
1257,1258.jpg,2
1258,1259.jpg,2
1259,1260.jpg,2
1260,1261.jpg,2
1261,1262.jpg,2
1262,1263.jpg,2
1263,1264.jpg,2
1264,1265.jpg,2
1265,1266.jpg,2
1266,1267.jpg,2
1267,1268.jpg,2
1268,1269.jpg,2
1269,1270.jpg,2
1270,1271.jpg,2
1271,1272.jpg,2
1272,1273.jpg,2
1273,1274.jpg,2
1274,1275.jpg,2
1275,1276.jpg,2
1276,1277.jpg,2
1277,1278.jpg,2
1278,1279.jpg,2
1279,1280.jpg,2
1280,1281.jpg,2
1281,1282.jpg,2
1282,1283.jpg,2
1283,1284.jpg,2
1284,1285.jpg,2
1285,1286.jpg,2
1286,1287.jpg,2
1287,1288.jpg,2
1288,1289.jpg,2
1289,1290.jpg,2
1290,1291.jpg,2
1291,1292.jpg,2
1292,1293.jpg,2
1293,1294.jpg,2
1294,1295.jpg,2
1295,1296.jpg,2
1296,1297.jpg,2
1297,1298.jpg,2
1298,1299.jpg,2
1299,1300.jpg,2
1300,1301.jpg,2
1301,1302.jpg,2
1302,1303.jpg,2
1303,1304.jpg,2
1304,1305.jpg,2
1305,1306.jpg,2
1306,1307.jpg,2
1307,1308.jpg,2
1308,1309.jpg,2
1309,1310.jpg,2
1310,1311.jpg,2
1311,1312.jpg,2
1312,1313.jpg,2
1313,1314.jpg,2
1314,1315.jpg,2
1315,1316.jpg,2
1316,1317.jpg,2
1317,1318.jpg,2
1318,1319.jpg,2
1319,1320.jpg,2
1320,1321.jpg,2
1321,1322.jpg,2
1322,1323.jpg,2
1323,1324.jpg,2
1324,1325.jpg,2
1325,1326.jpg,2
1326,1327.jpg,2
1327,1328.jpg,2
1328,1329.jpg,2
1329,1330.jpg,2
1330,1331.jpg,2
1331,1332.jpg,2
1332,1333.jpg,2
1333,1334.jpg,2
1334,1335.jpg,2
1335,1336.jpg,2
1336,1337.jpg,2
1337,1338.jpg,2
1338,1339.jpg,2
1339,1340.jpg,2
1340,1341.jpg,2
1341,1342.jpg,2
1342,1343.jpg,2
1343,1344.jpg,2
1344,1345.jpg,2
1345,1346.jpg,2
1346,1347.jpg,2
1347,1348.jpg,2
1348,1349.jpg,2
1349,1350.jpg,2
1350,1351.jpg,2
1351,1352.jpg,2
1352,1353.jpg,2
1353,1354.jpg,2
1354,1355.jpg,2
1355,1356.jpg,2
1356,1357.jpg,2
1357,1358.jpg,2
1358,1359.jpg,2
1359,1360.jpg,2
1360,1361.jpg,2
1361,1362.jpg,2
1362,1363.jpg,2
1363,1364.jpg,2
1364,1365.jpg,2
1365,1366.jpg,2
1366,1367.jpg,2
1367,1368.jpg,2
1368,1369.jpg,2
1369,1370.jpg,2
1370,1371.jpg,2
1371,1372.jpg,2
1372,1373.jpg,2
1373,1374.jpg,2
1374,1375.jpg,2
1375,1376.jpg,2
1376,1377.jpg,2
1377,1378.jpg,2
1378,1379.jpg,2
1379,1380.jpg,2
1380,1381.jpg,2
1381,1382.jpg,2
1382,1383.jpg,2
1383,1384.jpg,2
1384,1385.jpg,2
1385,1386.jpg,2
1386,1387.jpg,2
1387,1388.jpg,2
1388,1389.jpg,2
1389,1390.jpg,2
1390,1391.jpg,2
1391,1392.jpg,2
1392,1393.jpg,2
1393,1394.jpg,2
1394,1395.jpg,2
1395,1396.jpg,2
1396,1397.jpg,2
1397,1398.jpg,2
1398,1399.jpg,2
1399,1400.jpg,2
1400,1401.jpg,2
1401,1402.jpg,2
1402,1403.jpg,2
1403,1404.jpg,2
1404,1405.jpg,2
1405,1406.jpg,2
1406,1407.jpg,2
1407,1408.jpg,2
1408,1409.jpg,2
1409,1410.jpg,2
1410,1411.jpg,2
1411,1412.jpg,2
1412,1413.jpg,2
1413,1414.jpg,2
1414,1415.jpg,2
1415,1416.jpg,2
1416,1417.jpg,2
1417,1418.jpg,2
1418,1419.jpg,2
1419,1420.jpg,2
1420,1421.jpg,2
1421,1422.jpg,2
1422,1423.jpg,2
1423,1424.jpg,2
1424,1425.jpg,2
1425,1426.jpg,2
1426,1427.jpg,2
1427,1428.jpg,2
1428,1429.jpg,2
1429,1430.jpg,2
1430,1431.jpg,2
1431,1432.jpg,2
1432,1433.jpg,2
1433,1434.jpg,2
1434,1435.jpg,2
1435,1436.jpg,2
1436,1437.jpg,2
1437,1438.jpg,2
1438,1439.jpg,2
1439,1440.jpg,2
1440,1441.jpg,2
1441,1442.jpg,2
1442,1443.jpg,2
1443,1444.jpg,2
1444,1445.jpg,2
1445,1446.jpg,2
1446,1447.jpg,2
1447,1448.jpg,2
1448,1449.jpg,2
1449,1450.jpg,2
1450,1451.jpg,2
1451,1452.jpg,2
1452,1453.jpg,2
1453,1454.jpg,2
1454,1455.jpg,2
1455,1456.jpg,2
1456,1457.jpg,2
1457,1458.jpg,2
1458,1459.jpg,2
1459,1460.jpg,2
1460,1461.jpg,2
1461,1462.jpg,2
1462,1463.jpg,2
1463,1464.jpg,2
1464,1465.jpg,2
1465,1466.jpg,2
1466,1467.jpg,2
1467,1468.jpg,2
1468,1469.jpg,2
1469,1470.jpg,2
1470,1471.jpg,2
1471,1472.jpg,2
1472,1473.jpg,2
1473,1474.jpg,2
1474,1475.jpg,2
1475,1476.jpg,2
1476,1477.jpg,2
1477,1478.jpg,2
1478,1479.jpg,2
1479,1480.jpg,2
1480,1481.jpg,2
1481,1482.jpg,2
1482,1483.jpg,2
1483,1484.jpg,2
1484,1485.jpg,2
1485,1486.jpg,2
1486,1487.jpg,2
1487,1488.jpg,2
1488,1489.jpg,2
1489,1490.jpg,2
1490,1491.jpg,2
1491,1492.jpg,2
1492,1493.jpg,2
1493,1494.jpg,2
1494,1495.jpg,2
1495,1496.jpg,2
1496,1497.jpg,2
1497,1498.jpg,2
1498,1499.jpg,2
1499,1500.jpg,2
